{"cameraMode":{"drawMode":0,"name":"Shaded","section":"Shading Mode"},"sceneLighting":false,"audioPlay":false,"sceneViewState":{"showFog":true,"showMaterialUpdate":false,"showSkybox":true,"showFlares":true,"showImageEffects":true,"showParticleSystems":true},"in2DMode":false,"pivot":{"x":0.6400001049041748,"y":-1.7150001525878907,"z":0.0},"rotation":{"x":-0.04939085617661476,"y":0.9314841032028198,"z":-0.13821785151958466,"w":-0.3328569829463959},"size":12.792853355407715,"orthographic":false}